"hash","tx-sent-time","start-block-time","tx-mined-time","tx-mined-block","time-diff"
"0xe180408b0814d728d40cdaac36f04be287b0a70d253c3414b258580d3a9af0a3","2024-04-21T18:47:29.001Z","2024-04-21T18:47:22.000Z","2024-04-21T18:47:34.000Z",1266,4999
"0x0d8fd23e138bc4e694530155fc25ce6aecba708ee1b8cd11c51246d1da2df009","2024-04-21T18:47:29.123Z","2024-04-21T18:47:22.000Z","2024-04-21T18:47:34.000Z",1266,4877
"0x9f2ae0018e71d6fc146f1a2d7edabe48a10be040b2561b40d5bf57f529b007f0","2024-04-21T18:47:29.226Z","2024-04-21T18:47:22.000Z","2024-04-21T18:47:34.000Z",1266,4774
"0x893fdbaafef121706d6370fbb0b0a6cca0839dc1ea7b36bf680fe876a5468803","2024-04-21T18:47:29.336Z","2024-04-21T18:47:22.000Z","2024-04-21T18:47:34.000Z",1266,4664
"0x2da87404addaf91ff0f49c00c293643486509671f7d4630357fc1de130f9f5bd","2024-04-21T18:47:29.464Z","2024-04-21T18:47:22.000Z","2024-04-21T18:47:34.000Z",1266,4536
"0xeac0dc84e5c18f3b1b5454fa574ed64aed9f020f53584dc395eca5ef20dbccc1","2024-04-21T18:47:29.553Z","2024-04-21T18:47:22.000Z","2024-04-21T18:47:34.000Z",1266,4447
"0x8ed293e8aff5942527db7a5090c5a064259ca8f676cdef4a043df1f2181f65a9","2024-04-21T18:47:29.637Z","2024-04-21T18:47:22.000Z","2024-04-21T18:47:34.000Z",1266,4363
"0x2ebf5a2ebd97c0a7fa37eef3d177124bf55e2e33f626d5df813afa6f843d5aff","2024-04-21T18:47:29.734Z","2024-04-21T18:47:22.000Z","2024-04-21T18:47:34.000Z",1266,4266
"0x08657655c3a5a5172224f3b6dc629ae7682ff82c743ca980e7bb4d3b480d8556","2024-04-21T18:47:29.813Z","2024-04-21T18:47:22.000Z","2024-04-21T18:47:34.000Z",1266,4187
"0x20a201b9857e037fde8a2896334d99c09d7e41a8430ee290f4e859a95dbad2cc","2024-04-21T18:47:29.900Z","2024-04-21T18:47:22.000Z","2024-04-21T18:47:34.000Z",1266,4100
"0xa2b19670003141d3fcb81baf306e4edfa7d61a2d3d54a7db7ab94442c6d4bf77","2024-04-21T18:47:30.007Z","2024-04-21T18:47:22.000Z","2024-04-21T18:47:34.000Z",1266,3993
"0xb886d3b8cda083c917a5760b612f668c651791d34356481ce2f06f1a600820c2","2024-04-21T18:47:30.099Z","2024-04-21T18:47:22.000Z","2024-04-21T18:47:34.000Z",1266,3901
"0x4a9abf594b2559d80895424337b682234925a2e85eb312bf855e0c0652608486","2024-04-21T18:47:30.180Z","2024-04-21T18:47:22.000Z","2024-04-21T18:47:34.000Z",1266,3820
"0x7caccaa227652a18eb1999a8a5bbf9628c9521f3f116cdaf98fcb1d814309e7c","2024-04-21T18:47:30.281Z","2024-04-21T18:47:22.000Z","2024-04-21T18:47:34.000Z",1266,3719
"0x65834fb07e5dbaf2400c4c84a3b8cca6b299133c438bd64022b552c0cbf0543f","2024-04-21T18:47:30.383Z","2024-04-21T18:47:22.000Z","2024-04-21T18:47:34.000Z",1266,3617
"0xda388e4e852bcd0bc206db448ed1957da94e85d90f691b4474ac7640278abe05","2024-04-21T18:47:30.472Z","2024-04-21T18:47:22.000Z","2024-04-21T18:47:34.000Z",1266,3528
"0xd137aa403fda9ed346403820c625e18f1bcee873e13fbcac1f2ecb8859b51cec","2024-04-21T18:47:30.582Z","2024-04-21T18:47:22.000Z","2024-04-21T18:47:34.000Z",1266,3418
"0x3e37c8fdbe70cc1ef516af50a7d18c1d51943e93e89ac9e2a7327f26a74689e7","2024-04-21T18:47:30.687Z","2024-04-21T18:47:22.000Z","2024-04-21T18:47:34.000Z",1266,3313
"0x15996665637c9d08533f7b1b23f71dfaee363770cb39ecfd5e5c9b2879bd98ef","2024-04-21T18:47:30.846Z","2024-04-21T18:47:22.000Z","2024-04-21T18:47:34.000Z",1266,3154
"0x0243a5de173bb07cc2531f8b151194af9417cfb3fca011b7c96a867f0d8ab2cd","2024-04-21T18:47:30.957Z","2024-04-21T18:47:22.000Z","2024-04-21T18:47:34.000Z",1266,3043
"0x288852777b9227b05cae22bdbcd6acdfed28d2d60f8f18c9e373947cf6b9247c","2024-04-21T18:47:31.053Z","2024-04-21T18:47:22.000Z","2024-04-21T18:47:34.000Z",1266,2947
"0x6bb4a4f125df3b18064e50fe8dfca13fc36ba92baf8a3040d1cc83ff8de1d76b","2024-04-21T18:47:31.159Z","2024-04-21T18:47:22.000Z","2024-04-21T18:47:34.000Z",1266,2841
"0xe041fcd96373bbdb862e78137fd5a7f75958eb71125ab89b25b327abf05619f6","2024-04-21T18:47:31.270Z","2024-04-21T18:47:22.000Z","2024-04-21T18:47:34.000Z",1266,2730
"0xd9a3a0d781f6fd9bd902f1a541f93b3b53a05ad2cd051f1eb6ca741ead7d9765","2024-04-21T18:47:31.363Z","2024-04-21T18:47:22.000Z","2024-04-21T18:47:34.000Z",1266,2637
"0x244e910c9928fe9f75e44613d46d3f8ca91d4fc29b5a5d4a40f6a62feb2bdd07","2024-04-21T18:47:31.475Z","2024-04-21T18:47:22.000Z","2024-04-21T18:47:34.000Z",1266,2525
"0x825b917bbca8a62ee969eb86d6a79d6ca0209384335af6de8f16524073621f6e","2024-04-21T18:47:31.584Z","2024-04-21T18:47:22.000Z","2024-04-21T18:47:34.000Z",1266,2416
"0xcf61254c4135ce5016b48c898924200f2cc2db1c9c1a4b4416b1a06aaf0a0fca","2024-04-21T18:47:31.683Z","2024-04-21T18:47:22.000Z","2024-04-21T18:47:34.000Z",1266,2317
"0x258aa0978e10d8eb52e95ef07e919eda6ceb9deceded893e1b45a7145536b82a","2024-04-21T18:47:31.790Z","2024-04-21T18:47:22.000Z","2024-04-21T18:47:34.000Z",1266,2210
"0xbc9abc898be85afdbca771e8472717285a4b524efd84b5f2d8eae6cf6362b268","2024-04-21T18:47:31.896Z","2024-04-21T18:47:22.000Z","2024-04-21T18:47:34.000Z",1266,2104
"0xec54e3b497966b9eafa858139e743ceb9d194d69b1c2cd9ba233331959088c59","2024-04-21T18:47:31.990Z","2024-04-21T18:47:22.000Z","2024-04-21T18:47:34.000Z",1266,2010
"0x5e05f0d304cd1421564d82248c97c8e72d872db457d2e206f4ac1bb3dde7a511","2024-04-21T18:47:32.102Z","2024-04-21T18:47:22.000Z","2024-04-21T18:47:34.000Z",1266,1898
"0x6c6231e3615d8a26eab7cf007a7b1789fa7f4ffdca6b71338a02b766d7627d58","2024-04-21T18:47:32.216Z","2024-04-21T18:47:22.000Z","2024-04-21T18:47:34.000Z",1266,1784
"0xda3544e72b4c56466070487edc2f17ba46fbd26d885926632f04c76a7d2a9779","2024-04-21T18:47:32.311Z","2024-04-21T18:47:22.000Z","2024-04-21T18:47:34.000Z",1266,1689
"0xe1af12bc28ef24eb037266b6d6fd7f0d8184d035f088fc3d84288710de5eef0e","2024-04-21T18:47:32.417Z","2024-04-21T18:47:22.000Z","2024-04-21T18:47:34.000Z",1266,1583
"0xcaef94a6c4dbf7d811bbdfd5812dfd27a371bf95993439f32cab68e083d47e9b","2024-04-21T18:47:32.525Z","2024-04-21T18:47:22.000Z","2024-04-21T18:47:34.000Z",1266,1475
"0xf065eec4a36bd66265344f2bf3ba6dfe574127ee0940327d17ea2247788433e5","2024-04-21T18:47:32.618Z","2024-04-21T18:47:22.000Z","2024-04-21T18:47:34.000Z",1266,1382
"0x0dc3d649e70d728651aec56b6d61154debe894371983217dc431b1d9c454f496","2024-04-21T18:47:32.714Z","2024-04-21T18:47:22.000Z","2024-04-21T18:47:34.000Z",1266,1286
"0x55e88dcf5d1bca8afd9c9750da3f08a23a1a83125652dbf017c824fac63cb623","2024-04-21T18:47:32.866Z","2024-04-21T18:47:22.000Z","2024-04-21T18:47:34.000Z",1266,1134
"0xc6cd3166d788f46cc7dab1953a0e29bd572229c25ae00e94ff7154bff5e04151","2024-04-21T18:47:32.974Z","2024-04-21T18:47:22.000Z","2024-04-21T18:47:34.000Z",1266,1026
"0x5e61f557484c4cfd75975910a09505beecc6ba0e8aad70cc41fb83f6b3a246ea","2024-04-21T18:47:33.073Z","2024-04-21T18:47:22.000Z","2024-04-21T18:47:34.000Z",1266,927
"0x1a9aedc8398d7812042877537cc499cb2c35cdd7dd5c4c9e159f540ddc533d56","2024-04-21T18:47:33.186Z","2024-04-21T18:47:22.000Z","2024-04-21T18:47:34.000Z",1266,814
"0xd269fc949fec4c6e9235717ade083f6a9d7a186e9b92770107ec78d573416ad0","2024-04-21T18:47:33.295Z","2024-04-21T18:47:22.000Z","2024-04-21T18:47:34.000Z",1266,705
"0xc51562ed6ecf075756c52626797826cdb6aa70aa82f57cc706e9b1247e996c81","2024-04-21T18:47:33.391Z","2024-04-21T18:47:22.000Z","2024-04-21T18:47:34.000Z",1266,609
"0x1d5e1368048155fd692a13309616b3b0be426c1256fa53694a42836a502d1f76","2024-04-21T18:47:33.496Z","2024-04-21T18:47:22.000Z","2024-04-21T18:47:34.000Z",1266,504
"0xc57747ddf2ac31f4f57a4175f6545fcf1e2b1310fc4b863fb11b414167148f8b","2024-04-21T18:47:33.611Z","2024-04-21T18:47:22.000Z","2024-04-21T18:47:34.000Z",1266,389
"0xe1585a6390600942782c31ff16f63188d5cb4e4a498a9b6f6ed6a1a024e75d0c","2024-04-21T18:47:33.703Z","2024-04-21T18:47:22.000Z","2024-04-21T18:47:34.000Z",1266,297
"0xcd4718e46446b32a24edf5f5c0104cb3dc1d60e12a56a28908b9b9ec7858a127","2024-04-21T18:47:33.826Z","2024-04-21T18:47:22.000Z","2024-04-21T18:47:34.000Z",1266,174
"0x8a37d6fc5fe1aeb9d33609d1df63d82e1070b137b2a4e36f7b991a145e4206ed","2024-04-21T18:47:33.939Z","2024-04-21T18:47:22.000Z","2024-04-21T18:47:34.000Z",1266,61
"0x899a81aad4119c4df7f46fb2b7cd6828c93d63d13e748d07686a11b78469da31","2024-04-21T18:47:34.025Z","2024-04-21T18:47:22.000Z","2024-04-21T18:47:34.000Z",1266,-25
"0xfdef679c6d5f0c7f8bf06c5afb25986b3827b2d8db583a7197404dccd9531a9b","2024-04-21T18:47:34.167Z","2024-04-21T18:47:22.000Z","2024-04-21T18:47:34.000Z",1266,-167
"0xbeae0308720f3128795abf5d3b6cb27f003b6b9e8456bdc9dcc7c6d2278433d8","2024-04-21T18:47:34.381Z","2024-04-21T18:47:22.000Z","2024-04-21T18:47:34.000Z",1266,-381
"0xf13adf87d4bf723fdf6bf9bb1fc10e323aee9a838de03f86a3f43beea0f2359f","2024-04-21T18:47:34.466Z","2024-04-21T18:47:22.000Z","2024-04-21T18:47:34.000Z",1266,-466
"0x07b4482826fae9d7f2160c659a6246acccb1495a5e525a56dcfc99167ae2a7f6","2024-04-21T18:47:34.559Z","2024-04-21T18:47:22.000Z","2024-04-21T18:47:34.000Z",1266,-559
"0xe86b8cce3ea46c74b7bf23f600d520ce95f9f6a4dde6b0bcb730a9ff0b323ab8","2024-04-21T18:47:34.660Z","2024-04-21T18:47:22.000Z","2024-04-21T18:47:34.000Z",1266,-660
"0x9bfe5de08fa5b5f81dd1ec9975de5342c8ea9e9a8da2da155f7485ac83a07daa","2024-04-21T18:47:34.755Z","2024-04-21T18:47:22.000Z","2024-04-21T18:47:34.000Z",1266,-755
"0x73b018de5f955dbef8448b141e6753b88eab32c839ca91a9738f9587317d6190","2024-04-21T18:47:34.849Z","2024-04-21T18:47:22.000Z","2024-04-21T18:47:34.000Z",1266,-849
"0x9fb3e4021af324f62f288e9856ad4228934c4c383a116a7601824818fa066fac","2024-04-21T18:47:34.997Z","2024-04-21T18:47:22.000Z","2024-04-21T18:47:34.000Z",1266,-997
"0x33e79d576cb2e8549e750d7247bd0fd5ee07564c9f63295990cb083aebe6e521","2024-04-21T18:47:35.070Z","2024-04-21T18:47:22.000Z","2024-04-21T18:47:34.000Z",1266,-1070
"0x087e37921f84c29fd2efb0bb977f9aa50467735c9740a944bee5e97801c089e4","2024-04-21T18:47:35.167Z","2024-04-21T18:47:22.000Z","2024-04-21T18:47:34.000Z",1266,-1167
"0x4197a0088111faa8d7a1895a9918d0910043758c6f029d1101c0e05cf3bcd8b1","2024-04-21T18:47:35.279Z","2024-04-21T18:47:22.000Z","2024-04-21T18:47:46.000Z",1267,10721
"0x907e2ebf80c23e80608b4a5be624f8b96d1a07a1f293843191542578733465f3","2024-04-21T18:47:35.371Z","2024-04-21T18:47:22.000Z","2024-04-21T18:47:46.000Z",1267,10629
"0xb6db510da11217ee959d215b0d789801c4e46833741c67a82fcfd95006e36cde","2024-04-21T18:47:35.458Z","2024-04-21T18:47:22.000Z","2024-04-21T18:47:46.000Z",1267,10542
"0xd7fb52063bf1490a65eea8042924bd46bd9c2c710d796485fb9101edaad5afde","2024-04-21T18:47:35.553Z","2024-04-21T18:47:34.000Z","2024-04-21T18:47:46.000Z",1267,10447
"0x1bfc33d201912ce169bb22542fb32298d40556a483f7b4d4d1667f296d21ec47","2024-04-21T18:47:35.634Z","2024-04-21T18:47:34.000Z","2024-04-21T18:47:46.000Z",1267,10366
"0xd15064d3888e67b9d3c91d1dc5a2d19fc1e701472c284f03d023b6c8c5bb21fe","2024-04-21T18:47:35.719Z","2024-04-21T18:47:34.000Z","2024-04-21T18:47:46.000Z",1267,10281
"0xcb512f43bdee9100cb7eb5dcc7dd8f467216be7c7de7a4a4d9cbe1a0a425de3d","2024-04-21T18:47:35.830Z","2024-04-21T18:47:34.000Z","2024-04-21T18:47:46.000Z",1267,10170
"0x8038f171158316eaf5bae76bca59fad91829f452aee69b85b9fdd63d37bcd146","2024-04-21T18:47:35.924Z","2024-04-21T18:47:34.000Z","2024-04-21T18:47:46.000Z",1267,10076
"0x1bdd30fd34cfd7aba44ee472df5542b4d63b7ac37ee104fa80e49dc658830204","2024-04-21T18:47:36.009Z","2024-04-21T18:47:34.000Z","2024-04-21T18:47:46.000Z",1267,9991
"0x2f076faaa570b2e77b6b39ebffdfa19a22de496da3d81649bf116be5e51922dd","2024-04-21T18:47:36.107Z","2024-04-21T18:47:34.000Z","2024-04-21T18:47:46.000Z",1267,9893
"0x68795ab4e2b17b27d8a0d96494dceb77e8a20d284c5a613dd69f14da384bc0a9","2024-04-21T18:47:36.192Z","2024-04-21T18:47:34.000Z","2024-04-21T18:47:46.000Z",1267,9808
"0x3163b23403653c687b9f4a6734ef799ae8bf134c5636e77ab4ddbd189e27caed","2024-04-21T18:47:36.277Z","2024-04-21T18:47:34.000Z","2024-04-21T18:47:46.000Z",1267,9723
"0x4af15d6254dd9d6911b15a62c2af6e33b7e1b0dd554e48000a429002354db3d3","2024-04-21T18:47:36.382Z","2024-04-21T18:47:34.000Z","2024-04-21T18:47:46.000Z",1267,9618
"0x2aa290434c0861445106eb9495b49e4049269655ae643f3ee48ce1fa1b5c4b0c","2024-04-21T18:47:36.467Z","2024-04-21T18:47:34.000Z","2024-04-21T18:47:46.000Z",1267,9533
"0xbe95ba24ea3a63397d6e6042373a8bda46926215c7e30379b03dc964f346e18d","2024-04-21T18:47:36.558Z","2024-04-21T18:47:34.000Z","2024-04-21T18:47:46.000Z",1267,9442
"0x4b4d46bf353587d1df903574713146c94ddc2db57c2a1da81b5b1a19518f51de","2024-04-21T18:47:36.659Z","2024-04-21T18:47:34.000Z","2024-04-21T18:47:46.000Z",1267,9341
"0xe6fc18fd9ee1700a50a77884274bd94c1dc01bcaff4dac468205d29eba284982","2024-04-21T18:47:36.769Z","2024-04-21T18:47:34.000Z","2024-04-21T18:47:46.000Z",1267,9231
"0x2adb9eedc4147350821ae0fce6e0dac5af7f57a020b3017da7758c023504e8fc","2024-04-21T18:47:36.882Z","2024-04-21T18:47:34.000Z","2024-04-21T18:47:46.000Z",1267,9118
"0x6907ec3ed3433c93d3660801f0af009b66f403b45fac620efbd7c521f0aa5505","2024-04-21T18:47:36.972Z","2024-04-21T18:47:34.000Z","2024-04-21T18:47:46.000Z",1267,9028
"0x7382ed6a5e65c9ecae42556fdee34c4926837701eec6fb55163591a01e544c96","2024-04-21T18:47:37.055Z","2024-04-21T18:47:34.000Z","2024-04-21T18:47:46.000Z",1267,8945
"0xcb665c54086dd64345875a86502499b39e1a82f68058dfd63fc464e4970b0e55","2024-04-21T18:47:37.177Z","2024-04-21T18:47:34.000Z","2024-04-21T18:47:46.000Z",1267,8823
"0xe03c11d645b41be17e56908264bec2431b0552738c0a1339c0a1a02658be5b91","2024-04-21T18:47:37.314Z","2024-04-21T18:47:34.000Z","2024-04-21T18:47:46.000Z",1267,8686
"0x160f1c51858ad7132abee9cd21448a2d177f75f609ea538c1744967a55e1e0f2","2024-04-21T18:47:37.389Z","2024-04-21T18:47:34.000Z","2024-04-21T18:47:46.000Z",1267,8611
"0xb48c02c70093a11d11d7010ff57fff626faf97efd9c80e2c853d3bdc4767c2f8","2024-04-21T18:47:37.474Z","2024-04-21T18:47:34.000Z","2024-04-21T18:47:46.000Z",1267,8526
"0x1779616142419487391cc0653a1fa3ca0bb3de5a946961eb4da5a9c056941a80","2024-04-21T18:47:37.556Z","2024-04-21T18:47:34.000Z","2024-04-21T18:47:46.000Z",1267,8444
"0xe294a42c887fbae33f91249382380ae39ac5e016a21e4df070f6e2af2801bd1d","2024-04-21T18:47:37.629Z","2024-04-21T18:47:34.000Z","2024-04-21T18:47:46.000Z",1267,8371
"0x7ae18431a51197bae2fd9125f44fa2084ba7e74f1317ad685dd65aaa8b3d8f50","2024-04-21T18:47:37.703Z","2024-04-21T18:47:34.000Z","2024-04-21T18:47:46.000Z",1267,8297
"0x9b322b078526b6543bb18fa580f32bfd537acd1a496f41efc2e4ecdb092fc471","2024-04-21T18:47:37.773Z","2024-04-21T18:47:34.000Z","2024-04-21T18:47:46.000Z",1267,8227
"0x730120e3fd83cba99320a20f184928a86930ee3e94f8d64b4e37e2314a419eeb","2024-04-21T18:47:37.859Z","2024-04-21T18:47:34.000Z","2024-04-21T18:47:46.000Z",1267,8141
"0x7f018d5ccd1e612157aeb4897de1092edcc99ec0a22b380d6be4891b20a6890c","2024-04-21T18:47:37.937Z","2024-04-21T18:47:34.000Z","2024-04-21T18:47:46.000Z",1267,8063
"0xf30433001ae502a57039be90991387b6ed155e9fdf4b4c1e15e10711c8b4ac7c","2024-04-21T18:47:38.024Z","2024-04-21T18:47:34.000Z","2024-04-21T18:47:46.000Z",1267,7976
"0xf41ac8f4d5a2b343c01cbf88b011abf040ec69c82d277599b6577b85ca0b8c43","2024-04-21T18:47:38.131Z","2024-04-21T18:47:34.000Z","2024-04-21T18:47:46.000Z",1267,7869
"0x820ee62705c9e396110c77f3d55ee09145cd5c0d638860308b4e699eff324895","2024-04-21T18:47:38.201Z","2024-04-21T18:47:34.000Z","2024-04-21T18:47:46.000Z",1267,7799
"0x5d18bdc883548a12cfeaf88c98c680adef32b51d14e699073a1e3bba802a576a","2024-04-21T18:47:38.284Z","2024-04-21T18:47:34.000Z","2024-04-21T18:47:46.000Z",1267,7716
"0x939b37c4e5228146963c2148449a6b5d0c152a4155a77b3be66ab8bd8f94aad6","2024-04-21T18:47:38.360Z","2024-04-21T18:47:34.000Z","2024-04-21T18:47:46.000Z",1267,7640
"0x7dcad45221701ab3ef424aca24cd9f4580dc681cb218f198362746d82ea08fbe","2024-04-21T18:47:38.497Z","2024-04-21T18:47:34.000Z","2024-04-21T18:47:46.000Z",1267,7503
"0xdc847c4068329876ee4ba556c3cba751a2b92eaa62be6898d168c12eab0d6966","2024-04-21T18:47:38.650Z","2024-04-21T18:47:34.000Z","2024-04-21T18:47:46.000Z",1267,7350
"0x327bfad6ba50c30435ed7d6e321e014c928660d8eac1d34336506b5077b27f32","2024-04-21T18:47:38.736Z","2024-04-21T18:47:34.000Z","2024-04-21T18:47:46.000Z",1267,7264
"0xd2d4034b4b512126c21c0b28b92928c53edb6f2069b100ac9c33abda10b876b4","2024-04-21T18:47:38.806Z","2024-04-21T18:47:34.000Z","2024-04-21T18:47:46.000Z",1267,7194
"0xf6b07006b0909b033cff610b72ffc010d0aebf151449974b8204ec45384c4fa2","2024-04-21T18:47:38.904Z","2024-04-21T18:47:34.000Z","2024-04-21T18:47:46.000Z",1267,7096
"0x71b8f9b43ae6503a1a0cfd30dd40d6b9ebead7565615547c251cf8c56133526f","2024-04-21T18:47:39.004Z","2024-04-21T18:47:34.000Z","2024-04-21T18:47:46.000Z",1267,6996